,Timestamp,Age ,Gender ,Income , Occupation,Fav_Pub,WTS,Freq,Prim_Imp,Sec_Imp,Stratum,Lifestyle,Occasions
0,2017/02/25 10:52:03 PM GMT+4,19,Male,100000.0,Student,Station,2000.0,Several times in a month,Environment,Menu,Capital,Nightlife,Hang outs with friends
1,2017/02/25 10:53:19 PM GMT+4,19,Female,50000.0,Student,Calumet,2000.0,rarely (once two week/or a month),Music,Pricing,Capital,Adventure/traveling/exploring,Hang outs with friends
2,2017/02/25 10:54:05 PM GMT+4,20,Male,100000.0,Student,Liberty,3000.0,rarely (once two week/or a month),Environment,Music,Capital,"Busy(student life, work)",Hang outs with friends
3,2017/02/25 10:55:09 PM GMT+4,18,Male,0.0,Student,Calumet,3000.0,Several times in a month,Environment,Music,Capital,Art,Hang outs with friends
4,2017/02/25 10:55:38 PM GMT+4,19,Female,130000.0,Student + working,Liberty,10000.0,rarely (once two week/or a month),Pricing,Environment,Capital,,Hang outs with friends
5,2017/02/25 10:55:39 PM GMT+4,19,Male,90000.0,Student,Station,2000.0,Several times a week,Environment,Menu,Capital,Adventure/traveling/exploring,Hang outs with friends
6,2017/02/25 10:55:41 PM GMT+4,18,Female,0.0,Student,Irish,1000.0,Several times in a month,Environment,Music,Capital,Art,Hang outs with friends
7,2017/02/25 10:55:45 PM GMT+4,19,Female,0.0,Student,Station,2000.0,Several times in a month,Environment,Pricing,Capital,"Busy(student life, work)",Hang outs with friends
8,2017/02/25 10:56:17 PM GMT+4,19,Male,80000.0,Student + working,I don't like pubs,10000.0,rarely (once two week/or a month),Environment,Music,Capital,Adventure/traveling/exploring,Hang outs with friends
9,2017/02/25 10:56:45 PM GMT+4,19,Male,150000.0,Student,Irish,3000.0,Several times in a month,Environment,Music,Capital,Nightlife,Hang outs with friends
10,2017/02/25 10:56:52 PM GMT+4,20,Female,80000.0,Student,I don't like pubs,3000.0,rarely (once two week/or a month),Environment,Menu,Capital,Art,Special events/parties
11,2017/02/25 10:56:56 PM GMT+4,18,Male,90000.0,Student,Venue,0.0,rarely (once two week/or a month),Environment,Music,Capital,Sport,Hang outs with friends
12,2017/02/25 10:57:00 PM GMT+4,18,Female,0.0,Student,Calumet,2000.0,Several times a week,Environment,Music,Capital,Adventure/traveling/exploring,Hang outs with friends
13,2017/02/25 10:57:58 PM GMT+4,19,Male,200000.0,Working,VOID,5000.0,Several times in a month,Environment,Pricing,Capital,Nightlife,Special events/parties
14,2017/02/25 10:58:12 PM GMT+4,19,Male,120000.0,Student,DAS,2000.0,Several times in a month,Environment,Pricing,Urban,Art,Hang outs with friends
15,2017/02/25 10:58:19 PM GMT+4,17,Female,30000.0,Student,Station,5000.0,Several times in a month,Music,Pricing,Capital,Adventure/traveling/exploring,Hang outs with friends
16,2017/02/25 10:59:18 PM GMT+4,18,Male,0.0,Student,Station,2000.0,Several times in a month,Environment,Music,Capital,Sport,Hang outs with friends
17,2017/02/25 10:59:25 PM GMT+4,19,Female,50000.0,Student,I don't like pubs,8000.0,rarely (once two week/or a month),Environment,Music,Rural,"Sport, art, traveling",Birthdays
18,2017/02/25 10:59:28 PM GMT+4,17,Female,0.0,Student,37 pub,5000.0,rarely (once two week/or a month),Environment,Pricing,Urban,Art,Hang outs with friends
19,2017/02/25 10:59:52 PM GMT+4,19,Female,200000.0,Student + working,I don't like pubs,2000.0,rarely (once two week/or a month),Environment,Music,Urban,Adventure/traveling/exploring,Birthdays
20,2017/02/25 10:59:59 PM GMT+4,17,Male,0.0,Student,37 pub,7000.0,rarely (once two week/or a month),Environment,Music,Capital,"Busy(student life, work)",Hang outs with friends
21,2017/02/25 11:01:22 PM GMT+4,19,Male,0.0,Student,Venue ,10000.0,Several times a week,Environment,Music,Capital,Nightlife,Hang outs with friends
22,2017/02/25 11:02:07 PM GMT+4,21,Male,130000.0,Student,37 pub,2000.0,rarely (once two week/or a month),Environment,Pricing,Urban,Sport,Hang outs with friends
23,2017/02/25 11:02:13 PM GMT+4,18,Male,100000.0,Student + working,Irish,3000.0,Several times in a month,Environment,Menu,Capital,,Hang outs with friends
24,2017/02/25 11:02:28 PM GMT+4,18,Female,50000.0,Student,Cantaloupe,2000.0,rarely (once two week/or a month),Music,Environment,Capital,Adventure/traveling/exploring,Hang outs with friends
25,2017/02/25 11:05:04 PM GMT+4,18,Female,40000.0,Student,Irish,2000.0,Several times in a month,Menu,Pricing,Capital,Art,Hang outs with friends
26,2017/02/25 11:05:10 PM GMT+4,20,Female,100000.0,Student,Cantaloupe,2000.0,Several times in a month,Environment,Menu,Capital,"Busy(student life, work)",Hang outs with friends
27,2017/02/25 11:05:29 PM GMT+4,18,Female,80000.0,Student,Irish,5000.0,rarely (once two week/or a month),Environment,Menu,Capital,Adventure/traveling/exploring,Hang outs with friends
28,2017/02/25 11:05:32 PM GMT+4,18,Male,25000.0,Student,Station,3500.0,rarely (once two week/or a month),Menu,Music,Urban,Adventure/traveling/exploring,Special events/parties
29,2017/02/25 11:06:08 PM GMT+4,20,Male,60000.0,Student,Cantaloupe,20000.0,rarely (once two week/or a month),Environment,Music,Capital,Art,Hang outs with friends
30,2017/02/25 11:07:07 PM GMT+4,18,Female,0.0,Student,,1500.0,Several times in a month,Environment,Menu,Capital,,Hang outs with friends
31,2017/02/25 11:07:08 PM GMT+4,19,Female,0.0,Student,Calumet,4000.0,rarely (once two week/or a month),Environment,Pricing,Capital,Art,Hang outs with friends
32,2017/02/25 11:07:24 PM GMT+4,17,Male,0.0,Student,Calumet,5000.0,rarely (once two week/or a month),Environment,Pricing,Capital,Art,Hang outs with friends
33,2017/02/25 11:07:41 PM GMT+4,21,Female,80000.0,Student,Calumet,5000.0,rarely (once two week/or a month),Environment,Music,Urban,Art,Special events/parties
34,2017/02/25 11:08:12 PM GMT+4,19,Male,80000.0,Student,Liberty,5000.0,rarely (once two week/or a month),Environment,Music,Urban,Sport,Hang outs with friends
35,2017/02/25 11:08:21 PM GMT+4,18,Male,0.0,Student,Tom Collins ,8000.0,Several times in a month,Environment,Music,Capital,"Rock, punk",Hang outs with friends
36,2017/02/25 11:11:49 PM GMT+4,19,Female,25000.0,Student,Calumet,4000.0,rarely (once two week/or a month),Environment,Pricing,Capital,Adventure/traveling/exploring,Hang outs with friends
37,2017/02/25 11:11:59 PM GMT+4,18,Male,50000.0,Student,Bulldog,7000.0,Several times a week,Environment,Music,Capital,,Hang outs with friends
38,2017/02/25 11:12:19 PM GMT+4,19,Male,55000.0,Student,Station,2000.0,Several times in a month,Environment,Music,Capital,Art,Hang outs with friends
39,2017/02/25 11:13:27 PM GMT+4,21,Female,0.0,Student,Calumet,2000.0,rarely (once two week/or a month),Environment,Pricing,Capital,Adventure/traveling/exploring,Special events/parties
40,2017/02/25 11:14:24 PM GMT+4,19,Male,150000.0,Student,Station,5000.0,Several times in a month,Environment,Menu,Capital,Student,Hang outs with friends
41,2017/02/25 11:15:00 PM GMT+4,18,Female,0.0,Student,Calumet,3000.0,Several times a week,Environment,Music,Capital,Adventure/traveling/exploring,Hang outs with friends
42,2017/02/25 11:15:13 PM GMT+4,20,Male,200000.0,Student,,2000.0,rarely (once two week/or a month),Environment,Pricing,Urban,Sport,Special events/parties
43,2017/02/25 11:16:25 PM GMT+4,21,Female,30000.0,Student,Calumet,5000.0,Several times in a month,Environment,Music,Capital,Art,Hang outs with friends
44,2017/02/25 11:20:22 PM GMT+4,41,Female,100000.0,Working,Calumet,10000.0,rarely (once two week/or a month),Music,Environment,Capital,"Busy(student life, work)",Hang outs with friends
45,2017/02/25 11:22:14 PM GMT+4,20,Female,100000.0,Student + working,I don't like pubs,2000.0,rarely (once two week/or a month),Environment,Menu,Capital,Adventure/traveling/exploring,Birthdays
46,2017/02/25 11:26:22 PM GMT+4,17,Male,0.0,Student,Station,3000.0,rarely (once two week/or a month),Environment,Pricing,Capital,,Hang outs with friends
47,2017/02/25 11:26:42 PM GMT+4,16,Male,200000.0,CEO,Station,25000.0,rarely (once two week/or a month),Music,Environment,Capital,"Business, sports, dance",Hang outs with friends
48,2017/02/25 11:26:46 PM GMT+4,19,Female,0.0,Student,Irish,7000.0,rarely (once two week/or a month),Environment,Music,Capital,Sport,Birthdays
49,2017/02/25 11:27:05 PM GMT+4,18,Female,10000.0,Student,Calumet,1000.0,Several times a week,Environment,Music,Capital,,Hang outs with friends
50,2017/02/25 11:31:04 PM GMT+4,18,Female,30000.0,Student,Pepper,2000.0,rarely (once two week/or a month),Environment,Menu,Capital,Adventure/traveling/exploring,Special events/parties
51,2017/02/25 11:36:22 PM GMT+4,19,Female,300000.0,Student,Venue,5000.0,Several times in a month,Music,Pricing,Capital,Adventure/traveling/exploring,Hang outs with friends
52,2017/02/25 11:44:55 PM GMT+4,17,Female,80000.0,Student,Pepper,1000.0,rarely (once two week/or a month),Music,Environment,Urban,"Rock, punk",Hang outs with friends
53,2017/02/25 11:46:19 PM GMT+4,19,Female,70000.0,Student,Venue,2000.0,rarely (once two week/or a month),Environment,Music,Capital,Adventure/traveling/exploring,Birthdays
54,2017/02/25 11:46:22 PM GMT+4,19,Male,90000.0,Working,Irish,5000.0,Several times in a month,Environment,Menu,Urban,Sport,Hang outs with friends
55,2017/02/25 11:53:13 PM GMT+4,18,Female,70000.0,Student,Cantaloupe,3000.0,Several times in a month,Menu,Environment,Capital,Art,Hang outs with friends
56,2017/02/25 11:55:07 PM GMT+4,21,Female,30000.0,Student,Eden,3000.0,Several times in a month,Music,Menu,Capital,Art,Hang outs with friends
57,2017/02/25 11:58:45 PM GMT+4,20,Female,0.0,Student,I don't like pubs,1000.0,rarely (once two week/or a month),Environment,Music,Capital,Passive ,Special events/parties
58,2017/02/26 12:06:19 AM GMT+4,20,Male,60000.0,Student,I don't like pubs,4000.0,rarely (once two week/or a month),Environment,Music,Capital,"Busy(student life, work)",Hang outs with friends
59,2017/02/26 12:16:46 AM GMT+4,20,Female,70000.0,Student + working,Liberty ,2500.0,Several times in a month,Music,Menu,Capital,"Busy(student life, work)",Hang outs with friends
60,2017/02/26 12:23:24 AM GMT+4,20,Female,70000.0,Student,I don't like pubs,5000.0,rarely (once two week/or a month),Environment,Music,Capital,"Busy(student life, work)",Birthdays
61,2017/02/26 12:24:05 AM GMT+4,18,Female,75000.0,Student + working,Calumet,2000.0,rarely (once two week/or a month),Environment,Music,Capital,"Busy(student life, work)",Hang outs with friends
62,2017/02/26 12:24:51 AM GMT+4,19,Male,25000.0,Student,Venue,3000.0,rarely (once two week/or a month),Environment,Pricing,Capital,"Busy(student life, work)",Hang outs with friends
63,2017/02/26 12:27:57 AM GMT+4,18,Female,30000.0,Student,Hemingway,1500.0,rarely (once two week/or a month),Pricing,Music,Capital,Art,Special events/parties
64,2017/02/26 12:30:32 AM GMT+4,19,Female,0.0,Student,Void,7000.0,rarely (once two week/or a month),Environment,Pricing,Urban,Adventure/traveling/exploring,Birthdays
65,2017/02/26 12:32:34 AM GMT+4,18,Female,50000.0,Student,I have none,0.0,rarely (once two week/or a month),Environment,Music,Capital,Art,Never
66,2017/02/26 12:35:13 AM GMT+4,20,Male,0.0,Student,Calumet,7000.0,Several times in a month,Environment,Music,Capital,"Busy(student life, work)",Hang outs with friends
67,2017/02/26 12:38:48 AM GMT+4,21,Male,200000.0,Student + working,I don't like pubs,0.0,rarely (once two week/or a month),Environment,Music,Urban,"Busy(student life, work)",Never
68,2017/02/26 12:39:58 AM GMT+4,18,Male,0.0,Student,Pub 37,3500.0,rarely (once two week/or a month),Pricing,Environment,Urban,"Busy(student life, work)",chem aycelum
69,2017/02/26 12:48:24 AM GMT+4,18,Female,0.0,Student,Venue,3000.0,Several times in a month,Environment,Music,Capital,"Busy(student life, work)",Hang outs with friends
70,2017/02/26 12:49:34 AM GMT+4,17,Female,0.0,Student,Pepper,4000.0,Several times in a month,Music,Menu,Urban,"Busy(student life, work)",Hang outs with friends
71,2017/02/26 12:52:33 AM GMT+4,25,Male,400000.0,Working,Red bull,5000.0,Several times in a month,Environment,Pricing,Capital,"Busy(student life, work)",Hang outs with friends
72,2017/02/26 12:52:41 AM GMT+4,19,Female,0.0,Student,I don't like pubs,4000.0,rarely (once two week/or a month),Music,Pricing,Capital,"Busy(student life, work)",Birthdays
73,2017/02/26 12:59:39 AM GMT+4,19,Male,150000.0,Student + working,Station,5000.0,rarely (once two week/or a month),Environment,Pricing,Capital,"Busy(student life, work)",Hang outs with friends
74,2017/02/26 1:00:24 AM GMT+4,19,Male,200000.0,Student,Cantaloupe,5000.0,Several times a week,Music,Pricing,Urban,"Rock, punk",Hang outs with friends
75,2017/02/26 1:05:21 AM GMT+4,18,Male,200000.0,Student + working,Irish,5000.0,Several times in a month,Music,Environment,Capital,"Rock, punk",Hang outs with friends
76,2017/02/26 1:15:32 AM GMT+4,19,Female,80000.0,Student + working,Irish,1500.0,Several times in a month,Pricing,Environment,Capital,Adventure/traveling/exploring,Hang outs with friends
77,2017/02/26 1:33:20 AM GMT+4,18,Female,270000.0,Student,I don't like pubs,0.0,rarely (once two week/or a month),Environment,Pricing,Urban,"Busy(student life, work)",Nowere
78,2017/02/26 1:44:06 AM GMT+4,18,Female,0.0,Student,Venue,5000.0,Several times in a month,Environment,Menu,Urban,Adventure/traveling/exploring,Hang outs with friends
79,2017/02/26 2:09:48 AM GMT+4,19,Female,0.0,Student,I don't like pubs,0.0,rarely (once two week/or a month),Pricing,Environment,Capital,Art,Hang outs with friends
80,2017/02/26 2:10:44 AM GMT+4,18,Female,80000.0,Student + working,Varonna,3000.0,Several times a week,Music,Environment,Capital,Adventure/traveling/exploring,Hang outs with friends
81,2017/02/26 2:15:26 AM GMT+4,25,Male,240000.0,Working,Barcode,2000.0,Several times in a month,Environment,Music,Capital,"Busy(student life, work)",Hang outs with friends
82,2017/02/26 2:35:37 AM GMT+4,19,Male,0.0,Student,Irish,5000.0,rarely (once two week/or a month),Environment,Menu,Capital,"Busy(student life, work)",Hang outs with friends
83,2017/02/26 2:39:15 AM GMT+4,18,Male,250000.0,Student + working,Hemingway,5000.0,Several times in a month,Environment,Pricing,Capital,Adventure/traveling/exploring,Hang outs with friends
84,2017/02/26 2:47:40 AM GMT+4,19,Female,100000.0,Student,Cantaloupe,3000.0,Several times a week,Pricing,Music,Capital,"Busy(student life, work)",Hang outs with friends
85,2017/02/26 3:22:50 AM GMT+4,19,Female,0.0,Student,Paparazzi ,,rarely (once two week/or a month),Environment,Music,Capital,"Busy(student life, work)",Hang outs with friends
86,2017/02/26 5:10:25 AM GMT+4,22,Male,100000.0,Student,Calumet,5000.0,Several times a week,Environment,Music,Capital,Nightlife,Hang outs with friends
87,2017/02/26 9:22:21 AM GMT+4,19,Male,50000.0,Student,Pepper,2500.0,Several times in a month,Environment,Menu,Urban,"Busy(student life, work)",
88,2017/02/26 9:56:24 AM GMT+4,23,Female,140000.0,Working,Pechenu bagher,3000.0,rarely (once two week/or a month),Music,Environment,Capital,"Busy(student life, work)",Hang outs with friends
89,2017/02/26 10:12:36 AM GMT+4,21,Female,180000.0,Student + working,Hemingway,3000.0,Several times in a month,Environment,Music,Capital,Adventure/traveling/exploring,Hang outs with friends
90,2017/02/26 10:21:38 AM GMT+4,18,Male,150000.0,Student,Dargett,10000.0,Several times in a month,Environment,Menu,Urban,"Busy(student life, work)",Hang outs with friends
91,2017/02/26 10:48:32 AM GMT+4,21,Female,60000.0,Student + working,DAS,5000.0,rarely (once two week/or a month),Environment,Music,Capital,"Busy(student life, work)",Special events/parties
92,2017/02/26 11:00:04 AM GMT+4,17,Male,50000.0,Student,Pub 007,4000.0,rarely (once two week/or a month),Environment,Pricing,Urban,"Busy(student life, work)",Hang outs with friends
93,2017/02/26 11:10:04 AM GMT+4,20,Female,400.0,Student + working,Pub 37,5000.0,rarely (once two week/or a month),Environment,Pricing,Capital,"Busy(student life, work)",Hang outs with friends
94,2017/02/26 11:14:33 AM GMT+4,23,Female,700000.0,Working,,5000.0,rarely (once two week/or a month),Environment,Menu,Capital,"Busy(student life, work)",Hang outs with friends
95,2017/02/26 11:27:08 AM GMT+4,18,Female,30000.0,Student,Pepper,2500.0,Several times in a month,Environment,Music,Urban,"Busy(student life, work)",Hang outs with friends
96,2017/02/26 11:34:23 AM GMT+4,21,Female,200000.0,Student,Venue,2000.0,Several times a week,Music,Environment,Capital,Nightlife,Hang outs with friends
97,2017/02/26 11:37:59 AM GMT+4,18,Female,100000.0,Student + working,Calumet,7000.0,Several times a week,Music,Menu,Capital,"Busy(student life, work)",Hang outs with friends
98,2017/02/26 11:38:19 AM GMT+4,18,Female,60000.0,Student,Station,5000.0,rarely (once two week/or a month),Environment,Music,Capital,"Busy(student life, work)",Hang outs with friends
99,2017/02/26 11:57:41 AM GMT+4,20,Male,900000.0,Student + working,Calumet,10000.0,rarely (once two week/or a month),Environment,Music,Capital,Adventure/traveling/exploring,Birthdays
100,2017/02/26 12:12:16 PM GMT+4,21,Female,50000.0,Student + working,Calumet,2000.0,Several times in a month,Environment,Music,Capital,"Busy(student life, work)",Hang outs with friends
101,2017/02/26 12:22:31 PM GMT+4,19,Female,70000.0,Student,Paparazzi ,3000.0,Several times in a month,Music,Pricing,Capital,Adventure/traveling/exploring,Hang outs with friends
102,2017/02/26 12:37:43 PM GMT+4,18,Male,80000.0,Student,Pepper,20000.0,Several times a week,Environment,Menu,Capital,"Busy(student life, work)",Hang outs with friends
103,2017/02/26 12:42:39 PM GMT+4,18,Female,20000.0,Student,Do not have one,4000.0,rarely (once two week/or a month),Music,Environment,Urban,Art,Special events/parties
104,2017/02/26 12:51:15 PM GMT+4,20,Female,100000.0,Student + working,Station,5000.0,rarely (once two week/or a month),Environment,Menu,Capital,"Busy(student life, work)",Hang outs with friends
105,2017/02/26 1:23:15 PM GMT+4,18,Male,40000.0,Student,Irish,10000.0,rarely (once two week/or a month),Environment,Pricing,Capital,"Busy(student life, work)",Hang outs with friends
106,2017/02/26 1:54:01 PM GMT+4,21,Female,20000.0,Student + working,Calumet,3000.0,rarely (once two week/or a month),Environment,Music,Capital,"Busy(student life, work)",Hang outs with friends
107,2017/02/26 1:57:22 PM GMT+4,19,Male,0.0,Student,Station,1500.0,Several times in a month,Menu,Environment,Urban,Sport,Hang outs with friends
108,2017/02/26 1:58:40 PM GMT+4,20,Male,900000.0,Student + working,Calumet,10000.0,rarely (once two week/or a month),Environment,Music,Capital,Adventure/traveling/exploring,Birthdays
109,2017/02/26 2:42:20 PM GMT+4,20,Male,60000.0,Student + working,,5000.0,rarely (once two week/or a month),Music,Menu,Urban,Art,Hang outs with friends
110,2017/02/26 2:49:46 PM GMT+4,22,Male,4500000.0,Entrepreneur / Software Engineer,Irish,15000.0,rarely (once two week/or a month),Environment,Menu,Capital,Adventure/traveling/exploring,Hang outs with friends
111,2017/02/26 3:52:57 PM GMT+4,23,Male,100000.0,Student + working,Cantaloupe,5000.0,rarely (once two week/or a month),Environment,Menu,Capital,"Busy(student life, work)",Hang outs with friends
112,2017/02/26 4:39:59 PM GMT+4,20,Male,50000.0,Student + working,I don't like pubs,2000.0,rarely (once two week/or a month),Environment,Music,Capital,Art,Hang outs with friends
113,2017/02/26 5:35:57 PM GMT+4,18,Male,90000.0,Student,Station,5000.0,rarely (once two week/or a month),Environment,Menu,Capital,"Busy(student life, work)",Hang outs with friends
114,2017/02/26 5:39:55 PM GMT+4,20,Female,0.0,Student,Pepper,5000.0,Several times in a month,Environment,Menu,Urban,"Busy(student life, work)",Hang outs with friends
115,2017/02/26 6:20:06 PM GMT+4,19,Female,30000.0,Student,Calumet,2000.0,Several times in a month,Music,Menu,Urban,Art,Hang outs with friends
116,2017/02/26 6:40:19 PM GMT+4,18,Male,150000.0,Student + working,Station,5000.0,rarely (once two week/or a month),Environment,Music,Capital,Adventure/traveling/exploring,Hang outs with friends
117,2017/02/26 6:40:32 PM GMT+4,20,Female,50000.0,Student,Pub 37,3000.0,rarely (once two week/or a month),Environment,Menu,Capital,"Busy(student life, work)",Hang outs with friends
118,2017/02/26 8:18:38 PM GMT+4,19,Male,0.0,army,kaptyorka,,rarely (once two week/or a month),Environment,Menu,Capital,"Busy(student life, work)",
119,2017/02/26 9:32:07 PM GMT+4,18,Male,60000.0,Student + working,Station,2000.0,Several times in a month,Environment,Menu,Capital,Nightlife,Hang outs with friends
120,2017/02/26 10:28:49 PM GMT+4,26,Female,170000.0,Working,Station,5000.0,rarely (once two week/or a month),Music,Environment,Capital,Adventure/traveling/exploring,Hang outs with friends
121,2017/02/26 11:33:30 PM GMT+4,18,Female,0.0,Student,DAS ,3000.0,Several times in a month,Music,Environment,Capital,Adventure/traveling/exploring,Special events/parties
122,2017/02/26 11:52:12 PM GMT+4,39,Male,384000.0,Working,Paulaner,10000.0,rarely (once two week/or a month),Menu,Environment,Rural,"Busy(student life, work)",Hang outs with friends
123,2017/02/27 12:00:55 AM GMT+4,20,Female,0.0,Student,Wild west,1000.0,Several times a week,Environment,Pricing,Capital,Adventure/traveling/exploring,Hang outs with friends
124,2017/02/27 1:57:49 AM GMT+4,21,Female,120000.0,Student + working,BullDog,30000.0,Several times a week,Environment,Music,Capital,Art,Hang outs with friends
125,2017/02/27 7:51:32 AM GMT+4,18,Female,120000.0,Student,Tom collins,10000.0,rarely (once two week/or a month),Music,Pricing,Capital,Sport,Hang outs with friends
126,2017/02/27 1:08:03 PM GMT+4,21,Male,0.0,Student,Calumet,2000.0,rarely (once two week/or a month),Environment,Pricing,Urban,"Busy(student life, work)",Hang outs with friends
127,2017/02/27 2:38:24 PM GMT+4,22,Female,0.0,Student,Calumet,3000.0,Several times in a month,Music,Environment,Capital,Adventure/traveling/exploring,Hang outs with friends
128,2017/02/27 7:47:16 PM GMT+4,18,Female,0.0,Student,Pepper,2000.0,rarely (once two week/or a month),Environment,Pricing,Capital,"Busy(student life, work)",Hang outs with friends
129,2017/02/27 9:40:18 PM GMT+4,20,Male,80000.0,Student,Paulaner,15000.0,rarely (once two week/or a month),Environment,Menu,Capital,"Busy(student life, work)",Hang outs with friends
130,2017/02/27 10:00:03 PM GMT+4,19,Male,,Student,Station,2000.0,Several times in a month,Pricing,Music,Capital,Sport,Hang outs with friends
131,2017/02/27 10:30:03 PM GMT+4,18,Female,100000.0,Student,,10000.0,rarely (once two week/or a month),Environment,Music,Urban,"Busy(student life, work)",Birthdays
132,2017/02/28 5:29:51 PM GMT+4,19,Female,40000.0,Student,I don't like pubs,5000.0,rarely (once two week/or a month),Environment,Music,Capital,Adventure/traveling/exploring,Hang outs with friends
133,2017/03/01 11:53:23 PM GMT+4,20,Female,60000.0,Student,Calumet,2000.0,rarely (once two week/or a month),Environment,Menu,Urban,"Busy(student life, work)",Hang outs with friends
134,2017/03/02 1:43:04 AM GMT+4,18,Female,50000.0,Student,Station,5000.0,rarely (once two week/or a month),Environment,Menu,Capital,Art,Hang outs with friends
135,2017/03/02 1:46:19 AM GMT+4,23,Male,250000.0,Student + working,,5000.0,Several times in a month,Environment,Pricing,Capital,"Busy(student life, work)",Hang outs with friends
136,2017/03/02 1:47:57 AM GMT+4,19,Female,30000.0,Student,Bob's,5000.0,rarely (once two week/or a month),Music,Menu,Capital,"Busy(student life, work)",Special events/parties
137,2017/03/02 1:57:36 AM GMT+4,23,Male,55000.0,Student + working,Bulldog,5000.0,Several times in a month,Environment,Menu,Capital,"Busy(student life, work)",Hang outs with friends
138,2017/03/02 2:02:23 AM GMT+4,21,Female,70000.0,Student + working,Fiction,2000.0,Several times a week,Environment,Music,Capital,Adventure/traveling/exploring,Hang outs with friends
139,2017/03/02 2:04:30 AM GMT+4,21,Male,80000.0,Student + working,Tom Collins,20000.0,Several times in a month,Music,Menu,Urban,Adventure/traveling/exploring,Hang outs with friends
140,2017/03/02 2:14:01 AM GMT+4,19,Female,100000.0,Student + working,Bob's,6000.0,rarely (once two week/or a month),Music,Environment,Capital,"Busy(student life, work)",Hang outs with friends
141,2017/03/02 2:28:20 AM GMT+4,21,Male,120000.0,Student,The beatles,5000.0,Several times a week,Music,Environment,Capital,Nightlife,Hang outs with friends
142,2017/03/02 2:30:37 AM GMT+4,19,Female,0.0,Student,Irish,5000.0,rarely (once two week/or a month),Environment,Music,Capital,"Busy(student life, work)",Hang outs with friends
143,2017/03/02 2:51:54 AM GMT+4,16,Female,0.0,Student,Calumet,5000.0,rarely (once two week/or a month),Environment,Menu,Urban,"Busy(student life, work)",Hang outs with friends
144,2017/03/02 3:03:06 AM GMT+4,21,Female,150000.0,Student,Cantaloupe,3000.0,Several times in a month,Music,Environment,Capital,"Busy(student life, work)",Hang outs with friends
145,2017/03/02 3:40:49 AM GMT+4,21,Female,30000.0,Student,Station,5000.0,Several times in a month,Environment,Music,Capital,"Busy(student life, work)",Hang outs with friends
146,2017/03/02 4:04:39 AM GMT+4,21,Female,120000.0,Student + working,Cantaloupe,5000.0,rarely (once two week/or a month),Music,Environment,Capital,"Busy(student life, work)",Hang outs with friends
147,2017/03/02 6:58:43 AM GMT+4,20,Male,10000.0,Student,Fiction,2500.0,Several times in a month,Environment,Pricing,Capital,"Busy(student life, work)",Hang outs with friends
148,2017/03/02 7:07:55 AM GMT+4,18,Female,0.0,Student,Calumet,2000.0,Several times in a month,Environment,Music,Capital,"Busy(student life, work)",Hang outs with friends
149,2017/03/02 7:54:28 AM GMT+4,21,Male,100000.0,Student + working,Irish,10000.0,rarely (once two week/or a month),Environment,Music,Capital,"Busy(student life, work)",Hang outs with friends
150,2017/03/02 8:11:53 AM GMT+4,18,Female,20000.0,Student,Pepper,1000.0,Several times in a month,Environment,Pricing,Capital,"Busy(student life, work)",Special events/parties
151,2017/03/02 8:36:37 AM GMT+4,20,Male,200000.0,Student + working,Ulixanyan art club,4000.0,Several times a week,Environment,Music,Capital,"Rock, punk",Hang outs with friends
152,2017/03/02 9:34:40 AM GMT+4,20,Female,30000.0,Student,Simona,5000.0,Several times in a month,Environment,Pricing,Capital,"Busy(student life, work)",Hang outs with friends
153,2017/03/02 10:31:46 AM GMT+4,20,Male,40000.0,Student,Station,3000.0,rarely (once two week/or a month),Environment,Pricing,Capital,"Busy(student life, work)",Hang outs with friends
154,2017/03/02 11:26:42 AM GMT+4,20,Female,150000.0,Student,I don't like pubs,,rarely (once two week/or a month),Environment,Music,Capital,Adventure/traveling/exploring,Hang outs with friends
155,2017/03/02 11:58:38 AM GMT+4,19,Female,0.0,Student,Liberty ,3000.0,Several times in a month,Music,Menu,Capital,Adventure/traveling/exploring,Hang outs with friends
156,2017/03/02 1:02:41 PM GMT+4,18,Female,300000.0,Student,Speak Easy ,2000.0,rarely (once two week/or a month),Music,Environment,Capital,"Busy(student life, work)",For listening  good music 
157,2017/03/02 1:36:47 PM GMT+4,18,Female,5000.0,Student,Irish,10000.0,Several times in a month,Music,Pricing,Capital,Art,Birthdays
158,2017/03/02 2:11:25 PM GMT+4,20,Male,50000.0,Student,Irish,5000.0,rarely (once two week/or a month),Environment,Menu,Capital,Sport,Special events/parties
159,2017/03/02 4:19:55 PM GMT+4,18,Female,35000.0,Student,Station,10000.0,rarely (once two week/or a month),Music,Environment,Capital,"Busy(student life, work)",Special events/parties
160,2017/03/02 5:27:32 PM GMT+4,19,Female,0.0,Student,I don't like pubs,15000.0,rarely (once two week/or a month),Environment,Music,Capital,Adventure/traveling/exploring,Birthdays
161,2017/03/02 7:01:50 PM GMT+4,17,Male,0.0,Student,Liberty,3000.0,rarely (once two week/or a month),Music,Environment,Capital,"Busy(student life, work)",Hang outs with friends
162,2017/03/02 7:14:56 PM GMT+4,19,Male,30000.0,Student,Beer Academy,5000.0,Several times in a month,Environment,Menu,Capital,Adventure/traveling/exploring,Hang outs with friends
163,2017/03/02 7:27:21 PM GMT+4,18,Female,60000.0,Student,Station,3000.0,rarely (once two week/or a month),Music,Environment,Rural,"Busy(student life, work)",Birthdays
164,2017/03/02 9:51:00 PM GMT+4,18,Female,0.0,Student,Ulixanyan art club,1500.0,Several times in a month,Music,Environment,Capital,"Busy(student life, work)",Hang outs with friends
165,2017/03/02 10:07:08 PM GMT+4,17,Female,20000.0,Student,Pepper,3000.0,rarely (once two week/or a month),Music,Menu,Urban,"Busy(student life, work)",Hang outs with friends
166,2017/03/02 10:16:53 PM GMT+4,19,Male,40000.0,Student,Yankee,10000.0,Several times in a month,Environment,Music,Urban,"Busy(student life, work)",Hang outs with friends
167,2017/03/02 10:20:02 PM GMT+4,26,Male,190000.0,Working ,,10000.0,Several times in a month,Music,Environment,Capital,"Busy(student life, work)",Hang outs with friends
168,2017/03/02 11:07:52 PM GMT+4,19,Female,40000.0,Student + working,Liberty ,2000.0,Several times a week,Environment,Music,Capital,"Busy(student life, work)",Hang outs with friends
169,2017/03/03 1:11:01 AM GMT+4,20,Female,70000.0,Student + working,Calumet,3000.0,rarely (once two week/or a month),Environment,Pricing,Capital,"Busy(student life, work)",Hang outs with friends
170,2017/03/03 8:50:35 AM GMT+4,19,Female,10000.0,Student,Station,2000.0,rarely (once two week/or a month),Environment,Music,Capital,"Busy(student life, work)",Hang outs with friends
171,2017/03/03 9:08:33 AM GMT+4,20,Female,0.0,Student,Station,0.0,Several times in a month,Environment,Music,Capital,"Busy(student life, work)",Hang outs with friends
172,2017/03/03 8:59:05 PM GMT+4,20,Female,80000.0,Student + working,Tom Collins,5000.0,rarely (once two week/or a month),Environment,Music,Capital,"Busy(student life, work)",Hang outs with friends
173,2017/03/04 3:32:37 AM GMT+4,19,Male,0.0,Student,Fiction,5500.0,Several times a week,Pricing,Music,Capital,"Rock, punk",Hang outs with friends
174,2017/03/05 9:45:11 PM GMT+4,22,Female,120000.0,Student + working,Beatles,5000.0,Several times in a month,Environment,Music,Capital,"Busy(student life, work)",Hang outs with friends
